{"stats":{"minecraft:dropped":{"minecraft:wheat_seeds":1},"minecraft:mined":{"minecraft:crafting_table":2,"minecraft:grass":20,"minecraft:oak_log":6,"minecraft:grass_block":1,"minecraft:coal_ore":38,"minecraft:dirt":2,"minecraft:stone":22},"minecraft:picked_up":{"minecraft:crafting_table":2,"minecraft:jungle_planks":4,"minecraft:porkchop":5,"minecraft:oak_log":6,"minecraft:dirt":3,"minecraft:bone":2,"minecraft:arrow":2,"minecraft:rotten_flesh":1,"minecraft:wheat_seeds":5,"minecraft:mutton":12,"minecraft:coal":38,"minecraft:white_wool":6,"minecraft:cobblestone":22},"minecraft:killed":{"minecraft:sheep":6,"minecraft:skeleton":1,"minecraft:zombie":1,"minecraft:pig":2},"minecraft:used":{"minecraft:stone_pickaxe":39,"minecraft:wooden_pickaxe":23,"minecraft:torch":18,"minecraft:stone_axe":14,"minecraft:dirt":1,"minecraft:crafting_table":2,"minecraft:furnace":1,"minecraft:cooked_porkchop":3,"minecraft:white_bed":2},"minecraft:crafted":{"minecraft:oak_planks":24,"minecraft:cooked_porkchop":3,"minecraft:crafting_table":1,"minecraft:stick":20,"minecraft:wooden_pickaxe":1,"minecraft:stone_pickaxe":1,"minecraft:furnace":1,"minecraft:white_bed":2,"minecraft:torch":48,"minecraft:stone_axe":1,"minecraft:cooked_mutton":12,"minecraft:air":0},"minecraft:custom":{"minecraft:time_since_rest":6213,"minecraft:interact_with_furnace":8,"minecraft:sprint_one_cm":40417,"minecraft:damage_taken":305,"minecraft:walk_one_cm":23737,"minecraft:mob_kills":10,"minecraft:drop":1,"minecraft:damage_dealt":1080,"minecraft:interact_with_crafting_table":10,"minecraft:fly_one_cm":108264,"minecraft:crouch_one_cm":2651,"minecraft:play_time":20765,"minecraft:sneak_time":1160,"minecraft:jump":449,"minecraft:walk_on_water_one_cm":261,"minecraft:leave_game":2,"minecraft:time_since_death":20765,"minecraft:sleep_in_bed":1,"minecraft:climb_one_cm":264,"minecraft:total_world_time":20765,"minecraft:fall_one_cm":19203}},"DataVersion":3465}