{"stats":{"minecraft:mined":{"biomesoplenty:magic_log":24,"biomesoplenty:clover":2,"minecraft:grass_block":1,"minecraft:oak_log":1,"biomesoplenty:magic_leaves":3,"minecraft:dirt":4,"minecraft:stone":6,"minecraft:birch_leaves":4,"minecraft:oak_leaves":8},"minecraft:killed_by":{"mutationcraft:necroptor":1,"the_silence:the_silence_principal":1},"minecraft:crafted":{"biomesoplenty:magic_planks":8,"minecraft:oak_planks":4,"minecraft:crafting_table":1,"minecraft:stick":4,"minecraft:wooden_pickaxe":1},"minecraft:used":{"minecraft:dirt":3,"minecraft:crafting_table":1,"biomesoplenty:magic_log":9,"tombstone:gift":2,"biomesoplenty:magic_planks":1,"minecraft:wooden_pickaxe":7},"minecraft:picked_up":{"biomesoplenty:magic_sapling":1,"biomesoplenty:magic_log":24,"minecraft:oak_log":1,"minecraft:dirt":4,"minecraft:cobblestone":6},"minecraft:custom":{"minecraft:time_since_rest":172,"minecraft:damage_taken":575,"minecraft:crouch_one_cm":4054,"minecraft:play_time":49172,"minecraft:sprint_one_cm":29098,"minecraft:walk_one_cm":24384,"minecraft:deaths":2,"minecraft:sneak_time":2477,"minecraft:walk_under_water_one_cm":1007,"minecraft:jump":352,"minecraft:damage_dealt":230,"minecraft:leave_game":9,"minecraft:time_since_death":2571,"minecraft:walk_on_water_one_cm":1270,"minecraft:total_world_time":49172,"minecraft:swim_one_cm":4017,"minecraft:interact_with_crafting_table":1,"minecraft:fall_one_cm":2360,"minecraft:fly_one_cm":39516}},"DataVersion":3120}