{"stats":{"minecraft:dropped":{"minecraft:shield":1,"minecraft:wheat_seeds":1,"minecraft:cooked_mutton":11},"minecraft:mined":{"minecraft:iron_ore":34,"minecraft:crafting_table":2,"minecraft:granite":9,"minecraft:grass":20,"minecraft:oak_log":6,"minecraft:grass_block":1,"minecraft:coal_ore":38,"minecraft:dirt":2,"minecraft:cobblestone":1,"minecraft:stone":45},"minecraft:picked_up":{"minecraft:raw_iron":42,"minecraft:crafting_table":3,"minecraft:torch":18,"minecraft:wooden_pickaxe":1,"minecraft:jungle_planks":26,"minecraft:porkchop":7,"minecraft:oak_log":6,"minecraft:dirt":3,"minecraft:cooked_mutton":18,"minecraft:bone":8,"minecraft:arrow":4,"minecraft:rotten_flesh":4,"minecraft:bow":1,"minecraft:stone_axe":1,"minecraft:wheat_seeds":9,"minecraft:granite":8,"minecraft:stone_pickaxe":1,"minecraft:oak_planks":1,"minecraft:mutton":12,"minecraft:coal":60,"minecraft:white_wool":6,"minecraft:cobblestone":93},"minecraft:killed":{"minecraft:sheep":6,"minecraft:skeleton":2,"minecraft:zombie":2,"minecraft:pig":2},"minecraft:killed_by":{"minecraft:zombie":1},"minecraft:crafted":{"minecraft:oak_planks":24,"minecraft:cooked_porkchop":3,"minecraft:shield":2,"minecraft:crafting_table":1,"minecraft:stick":20,"minecraft:iron_ingot":15,"minecraft:wooden_pickaxe":1,"minecraft:stone_pickaxe":1,"minecraft:furnace":2,"minecraft:white_bed":2,"minecraft:torch":48,"minecraft:stone_axe":1,"minecraft:cooked_mutton":12,"minecraft:air":0},"minecraft:used":{"minecraft:cooked_mutton":1,"minecraft:oak_planks":1,"minecraft:stone_pickaxe":106,"minecraft:shield":1,"minecraft:wooden_pickaxe":23,"minecraft:torch":43,"minecraft:stone_axe":20,"minecraft:dirt":3,"minecraft:cobblestone":18,"minecraft:crafting_table":3,"minecraft:furnace":2,"minecraft:cooked_porkchop":3,"minecraft:jungle_planks":1,"minecraft:white_bed":2,"minecraft:granite":6},"minecraft:custom":{"minecraft:time_since_rest":9547,"minecraft:interact_with_furnace":20,"minecraft:sprint_one_cm":66236,"minecraft:damage_taken":574,"minecraft:walk_one_cm":50989,"minecraft:damage_blocked_by_shield":30,"minecraft:mob_kills":12,"minecraft:drop":4,"minecraft:damage_dealt":1689,"minecraft:interact_with_crafting_table":15,"minecraft:fly_one_cm":130363,"minecraft:deaths":1,"minecraft:crouch_one_cm":5235,"minecraft:play_time":32765,"minecraft:sneak_time":1787,"minecraft:walk_under_water_one_cm":49,"minecraft:jump":588,"minecraft:walk_on_water_one_cm":1449,"minecraft:leave_game":2,"minecraft:time_since_death":9515,"minecraft:sleep_in_bed":1,"minecraft:climb_one_cm":264,"minecraft:total_world_time":32765,"minecraft:fall_one_cm":24729}},"DataVersion":3465}