{"stats":{"minecraft:custom":{"minecraft:time_since_rest":7038,"minecraft:sprint_one_cm":28962,"minecraft:damage_taken":475,"minecraft:walk_one_cm":20915,"minecraft:mob_kills":3,"minecraft:damage_dealt":647,"minecraft:interact_with_crafting_table":3,"minecraft:swim_one_cm":788,"minecraft:fly_one_cm":57571,"minecraft:crouch_one_cm":143,"minecraft:play_time":9501,"minecraft:deaths":1,"minecraft:sneak_time":38,"minecraft:walk_under_water_one_cm":142,"minecraft:jump":257,"minecraft:leave_game":1,"minecraft:walk_on_water_one_cm":180,"minecraft:time_since_death":6992,"minecraft:total_world_time":9501,"minecraft:fall_one_cm":5782},"minecraft:crafted":{"minecraft:crafting_table":1,"minecraft:spruce_planks":28,"minecraft:stick":4,"minecraft:wooden_pickaxe":1,"minecraft:stone_pickaxe":1,"minecraft:torch":4,"minecraft:stone_axe":1},"minecraft:picked_up":{"minecraft:stick":5,"minecraft:porkchop":2,"minecraft:spruce_sapling":2,"minecraft:spruce_log":7,"minecraft:dirt":5,"minecraft:rotten_flesh":1,"minecraft:coal":1,"minecraft:cobblestone":6},"minecraft:killed_by":{"minecraft:polar_bear":1},"minecraft:mined":{"minecraft:spruce_log":7,"minecraft:coal_ore":1,"minecraft:dirt":5,"minecraft:spruce_leaves":4,"minecraft:stone":6},"minecraft:killed":{"minecraft:zombie":1,"minecraft:pig":1,"minecraft:polar_bear":1},"minecraft:used":{"minecraft:stone_pickaxe":3,"minecraft:wooden_pickaxe":4,"minecraft:rotten_flesh":1,"minecraft:stone_axe":1,"minecraft:torch":4,"minecraft:dirt":3,"minecraft:crafting_table":1}},"DataVersion":3120}