{"stats":{"minecraft:dropped":{"minecraft:cooked_porkchop":96,"biomesoplenty:magic_log":29},"minecraft:mined":{"biomesoplenty:magic_leaves":3,"minecraft:birch_leaves":4,"biomesoplenty:magic_log":24,"biomesoplenty:clover":2,"minecraft:grass_block":1,"minecraft:oak_log":1,"minecraft:dirt":4,"minecraft:stone":22,"minecraft:oak_leaves":8},"minecraft:killed_by":{"the_silence:the_silence_principal":1,"mutationcraft:necroptor":2},"minecraft:crafted":{"minecraft:oak_planks":4,"minecraft:crafting_table":2,"minecraft:stick":12,"minecraft:wooden_pickaxe":1,"minecraft:stone_pickaxe":1,"biomesoplenty:magic_planks":32},"minecraft:used":{"biomesoplenty:magic_log":9,"minecraft:stone_pickaxe":17,"minecraft:wooden_pickaxe":7,"minecraft:dirt":3,"minecraft:crafting_table":2,"biomesoplenty:magic_planks":1,"tombstone:gift":2},"minecraft:picked_up":{"biomesoplenty:magic_sapling":1,"minecraft:oak_log":1,"minecraft:dirt":4,"biomesoplenty:magic_log":24,"minecraft:cobblestone":50},"minecraft:custom":{"minecraft:time_since_rest":5175,"minecraft:sprint_one_cm":30850,"minecraft:damage_taken":813,"minecraft:walk_one_cm":30399,"minecraft:drop":3,"minecraft:damage_dealt":260,"minecraft:swim_one_cm":4017,"minecraft:interact_with_crafting_table":3,"minecraft:fly_one_cm":83297,"minecraft:crouch_one_cm":8315,"minecraft:play_time":56840,"minecraft:deaths":3,"minecraft:sneak_time":3832,"minecraft:walk_under_water_one_cm":1007,"minecraft:jump":359,"minecraft:leave_game":9,"minecraft:walk_on_water_one_cm":1270,"minecraft:time_since_death":6143,"minecraft:total_world_time":56840,"minecraft:fall_one_cm":2777}},"DataVersion":3120}