{"stats":{"minecraft:dropped":{"minecraft:wheat_seeds":1,"minecraft:cooked_mutton":11,"minecraft:shield":1},"minecraft:mined":{"minecraft:white_bed":1,"minecraft:crafting_table":3,"minecraft:granite":9,"minecraft:grass_block":1,"minecraft:cobblestone":1,"minecraft:lapis_ore":2,"minecraft:spawner":1,"minecraft:furnace":1,"minecraft:iron_ore":34,"minecraft:grass":20,"minecraft:coal_ore":38,"minecraft:oak_log":6,"minecraft:dirt":2,"minecraft:stone":49},"minecraft:picked_up":{"minecraft:crafting_table":4,"minecraft:wooden_pickaxe":1,"minecraft:oak_log":6,"minecraft:lapis_lazuli":10,"minecraft:dirt":3,"minecraft:cooked_mutton":18,"minecraft:bone":8,"minecraft:bow":1,"minecraft:wheat_seeds":9,"minecraft:stone_pickaxe":1,"minecraft:oak_planks":1,"minecraft:furnace":1,"minecraft:raw_iron":42,"minecraft:torch":18,"minecraft:porkchop":7,"minecraft:jungle_planks":26,"minecraft:white_bed":1,"minecraft:arrow":4,"minecraft:rotten_flesh":4,"minecraft:stone_axe":1,"minecraft:granite":8,"minecraft:mutton":12,"minecraft:coal":60,"minecraft:white_wool":6,"minecraft:cobblestone":96},"minecraft:killed":{"minecraft:pig":2,"minecraft:sheep":6,"minecraft:skeleton":2,"minecraft:zombie":2},"minecraft:killed_by":{"minecraft:zombie":1},"minecraft:crafted":{"minecraft:oak_planks":24,"minecraft:cooked_porkchop":3,"minecraft:crafting_table":1,"minecraft:wooden_pickaxe":1,"minecraft:iron_helmet":1,"minecraft:furnace":2,"minecraft:stone_axe":1,"minecraft:cooked_mutton":12,"minecraft:air":0,"minecraft:iron_boots":1,"minecraft:iron_chestplate":1,"minecraft:shield":2,"minecraft:iron_axe":1,"minecraft:stick":24,"minecraft:iron_ingot":23,"minecraft:iron_pickaxe":1,"minecraft:stone_pickaxe":1,"minecraft:iron_leggings":1,"minecraft:white_bed":2,"minecraft:torch":48},"minecraft:used":{"minecraft:cooked_mutton":4,"minecraft:stone_pickaxe":108,"minecraft:oak_planks":1,"minecraft:wooden_pickaxe":23,"minecraft:shield":1,"minecraft:torch":44,"minecraft:dirt":3,"minecraft:crafting_table":3,"minecraft:jungle_planks":1,"minecraft:white_bed":2,"minecraft:granite":6,"minecraft:iron_axe":2,"minecraft:iron_pickaxe":6,"minecraft:stone_axe":20,"minecraft:cobblestone":29,"minecraft:furnace":2,"minecraft:cooked_porkchop":3,"minecraft:bucket":1},"minecraft:custom":{"minecraft:interact_with_furnace":39,"minecraft:mob_kills":12,"minecraft:interact_with_crafting_table":27,"minecraft:leave_game":2,"minecraft:time_since_death":21515,"minecraft:sleep_in_bed":1,"minecraft:climb_one_cm":264,"minecraft:time_since_rest":21547,"minecraft:sprint_one_cm":85746,"minecraft:damage_taken":669,"minecraft:walk_one_cm":60942,"minecraft:damage_blocked_by_shield":30,"minecraft:drop":4,"minecraft:damage_dealt":1689,"minecraft:swim_one_cm":214,"minecraft:fly_one_cm":165963,"minecraft:open_chest":2,"minecraft:crouch_one_cm":5235,"minecraft:play_time":44765,"minecraft:deaths":1,"minecraft:sneak_time":1787,"minecraft:walk_under_water_one_cm":1987,"minecraft:jump":814,"minecraft:walk_on_water_one_cm":2654,"minecraft:total_world_time":44765,"minecraft:fall_one_cm":29483}},"DataVersion":3465}