{"stats":{"minecraft:custom":{"minecraft:time_since_rest":37384,"minecraft:crouch_one_cm":302,"minecraft:sprint_one_cm":18344,"minecraft:play_time":37384,"minecraft:walk_one_cm":16022,"minecraft:sneak_time":225,"minecraft:mob_kills":1,"minecraft:jump":170,"minecraft:damage_dealt":959,"minecraft:leave_game":2,"minecraft:walk_on_water_one_cm":755,"minecraft:time_since_death":37384,"minecraft:total_world_time":37384,"minecraft:fall_one_cm":1312,"minecraft:fly_one_cm":101931},"minecraft:picked_up":{"minecraft:rotten_flesh":3,"minecraft:sugar_cane":1,"minecraft:dirt":1},"minecraft:used":{"eeeabsmobs:immortal_golem_egg":3,"eeeabsmobs:immortal_boss_egg":2,"eeeabsmobs:immortal_sword":21,"eeeabsmobs:guardian_axe":3,"eeeabsmobs:guling_eye":1},"minecraft:mined":{"minecraft:grass_block":1},"minecraft:killed":{"minecraft:zombie":1}},"DataVersion":3465}