{"stats":{"minecraft:killed":{"minecraft:zombie":1,"minecraft:pig":2,"minecraft:rabbit":1,"minecraft:cow":3,"minecraft:polar_bear":1},"minecraft:crafted":{"minecraft:cooked_beef":6,"minecraft:cooked_porkchop":2,"minecraft:crafting_table":1,"minecraft:spruce_planks":28,"minecraft:stick":4,"minecraft:wooden_pickaxe":1,"minecraft:stone_pickaxe":1,"minecraft:furnace":1,"minecraft:torch":12,"minecraft:stone_axe":1,"minecraft:air":0},"minecraft:used":{"minecraft:stone_pickaxe":106,"minecraft:wooden_pickaxe":59,"minecraft:rotten_flesh":1,"minecraft:torch":6,"minecraft:stone_axe":9,"minecraft:dirt":18,"minecraft:crafting_table":1,"minecraft:furnace":2,"minecraft:cooked_porkchop":2,"minecraft:cooked_beef":2},"minecraft:killed_by":{"minecraft:polar_bear":1},"minecraft:mined":{"minecraft:furnace":2,"minecraft:spruce_log":7,"minecraft:crafting_table":1,"minecraft:torch":1,"minecraft:grass_block":1,"minecraft:coal_ore":47,"minecraft:dirt":17,"minecraft:copper_ore":17,"minecraft:spruce_leaves":8,"minecraft:stone":96,"minecraft:sugar_cane":1},"minecraft:custom":{"minecraft:time_since_rest":56350,"minecraft:interact_with_furnace":11,"minecraft:sprint_one_cm":68072,"minecraft:damage_taken":515,"minecraft:walk_one_cm":67366,"minecraft:mob_kills":8,"minecraft:damage_dealt":1077,"minecraft:swim_one_cm":788,"minecraft:interact_with_crafting_table":4,"minecraft:fly_one_cm":105523,"minecraft:crouch_one_cm":3927,"minecraft:play_time":58813,"minecraft:deaths":1,"minecraft:sneak_time":1850,"minecraft:walk_under_water_one_cm":142,"minecraft:jump":557,"minecraft:leave_game":5,"minecraft:time_since_death":56304,"minecraft:walk_on_water_one_cm":1138,"minecraft:total_world_time":58813,"minecraft:fall_one_cm":13498},"minecraft:picked_up":{"minecraft:stick":5,"minecraft:crafting_table":1,"minecraft:leather":2,"minecraft:torch":1,"minecraft:porkchop":4,"minecraft:spruce_sapling":2,"minecraft:spruce_log":7,"minecraft:dirt":18,"minecraft:raw_copper":55,"minecraft:rotten_flesh":1,"minecraft:rabbit_hide":1,"minecraft:beef":6,"minecraft:rabbit":1,"minecraft:sugar_cane":4,"minecraft:coal":66,"minecraft:cobblestone":96,"minecraft:furnace":2},"minecraft:broken":{"minecraft:wooden_pickaxe":1}},"DataVersion":3120}