{"stats":{"minecraft:dropped":{"minecraft:wheat_seeds":1},"minecraft:mined":{"minecraft:oak_log":6,"minecraft:stone":12},"minecraft:picked_up":{"minecraft:wheat_seeds":1,"minecraft:jungle_planks":4,"minecraft:oak_log":6,"minecraft:cobblestone":12},"minecraft:used":{"minecraft:crafting_table":1,"minecraft:furnace":1,"minecraft:wooden_pickaxe":12},"minecraft:crafted":{"minecraft:furnace":1,"minecraft:oak_planks":24,"minecraft:stone_axe":1,"minecraft:crafting_table":1,"minecraft:stick":8,"minecraft:wooden_pickaxe":1},"minecraft:custom":{"minecraft:time_since_rest":8765,"minecraft:interact_with_furnace":1,"minecraft:crouch_one_cm":1387,"minecraft:play_time":8765,"minecraft:sprint_one_cm":11691,"minecraft:damage_taken":175,"minecraft:walk_one_cm":3812,"minecraft:sneak_time":513,"minecraft:drop":1,"minecraft:jump":136,"minecraft:leave_game":2,"minecraft:time_since_death":8765,"minecraft:total_world_time":8765,"minecraft:climb_one_cm":264,"minecraft:interact_with_crafting_table":7,"minecraft:fall_one_cm":7621,"minecraft:fly_one_cm":33677}},"DataVersion":3465}