{"stats":{"minecraft:dropped":{"minecraft:dirt":1,"minecraft:apple":1,"minecraft:birch_log":1,"minecraft:stick":1},"minecraft:mined":{"minecraft:birch_log":4,"minecraft:birch_leaves":1,"minecraft:crafting_table":1,"minecraft:grass":1,"minecraft:grass_block":6,"minecraft:oak_log":20,"minecraft:dirt":6,"minecraft:cobblestone":2,"minecraft:stone":39,"minecraft:oak_leaves":14},"minecraft:killed_by":{"mutationcraft:necroptor":1},"minecraft:crafted":{"minecraft:oak_boat":1,"minecraft:oak_planks":64,"minecraft:crafting_table":3,"minecraft:stick":4,"minecraft:wooden_pickaxe":1,"minecraft:birch_planks":16},"minecraft:used":{"minecraft:wooden_pickaxe":48,"minecraft:dirt":9,"minecraft:cobblestone":9,"minecraft:crafting_table":4,"minecraft:oak_boat":1,"alexsmobs:animal_dictionary":1},"minecraft:picked_up":{"minecraft:birch_log":5,"minecraft:stick":6,"minecraft:crafting_table":1,"minecraft:oak_log":20,"minecraft:dirt":10,"minecraft:apple":2,"minecraft:oak_boat":1,"minecraft:oak_sapling":7,"minecraft:cobblestone":40},"minecraft:custom":{"minecraft:time_since_rest":7247,"minecraft:sprint_one_cm":21273,"minecraft:damage_taken":619,"minecraft:walk_one_cm":28568,"minecraft:drop":4,"minecraft:damage_dealt":313,"minecraft:swim_one_cm":4315,"minecraft:interact_with_crafting_table":3,"minecraft:fly_one_cm":10094,"minecraft:crouch_one_cm":176,"minecraft:play_time":43230,"minecraft:deaths":2,"minecraft:sneak_time":67,"minecraft:walk_under_water_one_cm":4177,"minecraft:boat_one_cm":15994,"minecraft:jump":185,"minecraft:walk_on_water_one_cm":4586,"minecraft:time_since_death":7522,"minecraft:total_world_time":43230,"minecraft:fall_one_cm":2912}},"DataVersion":3120}