{"stats":{"minecraft:dropped":{"minecraft:dirt":1,"minecraft:torch":1,"minecraft:cobblestone":30,"minecraft:apple":1,"minecraft:birch_log":1,"minecraft:stick":1},"minecraft:mined":{"minecraft:furnace":1,"minecraft:birch_log":9,"minecraft:birch_leaves":1,"minecraft:crafting_table":3,"minecraft:grass":1,"minecraft:coal_ore":20,"minecraft:grass_block":11,"minecraft:oak_log":21,"minecraft:dirt":18,"minecraft:cobblestone":5,"minecraft:stone":159,"minecraft:oak_leaves":16,"minecraft:wall_torch":1},"minecraft:killed_by":{"mutationcraft:necroptor":1},"minecraft:crafted":{"minecraft:oak_boat":1,"minecraft:oak_planks":64,"minecraft:charcoal":5,"minecraft:crafting_table":3,"minecraft:stick":16,"minecraft:wooden_pickaxe":2,"minecraft:stone_pickaxe":1,"minecraft:furnace":1,"minecraft:torch":8,"minecraft:birch_planks":16,"minecraft:stone_axe":1,"minecraft:air":0},"minecraft:used":{"minecraft:stone_pickaxe":111,"minecraft:oak_planks":4,"minecraft:wooden_pickaxe":82,"minecraft:stone_axe":7,"minecraft:torch":6,"minecraft:dirt":24,"minecraft:cobblestone":12,"minecraft:crafting_table":5,"minecraft:furnace":1,"minecraft:cooked_porkchop":1,"minecraft:oak_boat":1,"alexsmobs:animal_dictionary":1},"minecraft:picked_up":{"minecraft:birch_log":10,"minecraft:stick":6,"minecraft:crafting_table":3,"minecraft:cooked_porkchop":96,"minecraft:torch":1,"minecraft:oak_log":21,"minecraft:dirt":25,"minecraft:apple":2,"biomesoplenty:magic_log":29,"minecraft:oak_boat":1,"minecraft:oak_sapling":7,"minecraft:coal":20,"minecraft:cobblestone":162,"minecraft:furnace":1},"minecraft:custom":{"minecraft:time_since_rest":19247,"minecraft:interact_with_furnace":3,"minecraft:sprint_one_cm":22124,"minecraft:damage_taken":845,"minecraft:walk_one_cm":49788,"minecraft:drop":6,"minecraft:damage_dealt":321,"minecraft:swim_one_cm":4315,"minecraft:interact_with_crafting_table":6,"minecraft:fly_one_cm":10809,"minecraft:crouch_one_cm":4300,"minecraft:play_time":55230,"minecraft:deaths":2,"minecraft:sneak_time":1243,"minecraft:walk_under_water_one_cm":4917,"minecraft:boat_one_cm":15994,"minecraft:jump":225,"minecraft:walk_on_water_one_cm":6130,"minecraft:time_since_death":19522,"minecraft:total_world_time":55230,"minecraft:fall_one_cm":3388}},"DataVersion":3120}