{"stats":{"minecraft:dropped":{"minecraft:cobblestone":32,"minecraft:jungle_planks":25},"minecraft:broken":{"minecraft:stone_axe":1,"minecraft:wooden_pickaxe":1},"minecraft:mined":{"minecraft:iron_ore":27,"minecraft:jungle_leaves":1,"minecraft:torch":1,"minecraft:crafting_table":1,"minecraft:grass":107,"minecraft:coal_ore":22,"minecraft:jungle_log":14,"minecraft:cobblestone":6,"minecraft:stone":79,"minecraft:wall_torch":3,"minecraft:oak_leaves":2},"minecraft:picked_up":{"minecraft:raw_iron":23,"minecraft:crafting_table":1,"minecraft:jungle_log":14,"minecraft:leather":2,"minecraft:torch":4,"minecraft:porkchop":2,"minecraft:shield":1,"minecraft:string":3,"minecraft:cooked_mutton":5,"minecraft:rotten_flesh":8,"minecraft:wheat_seeds":11,"minecraft:granite":1,"minecraft:beef":2,"minecraft:oak_sapling":2,"minecraft:coal":22,"minecraft:cobblestone":86,"minecraft:egg":1},"minecraft:killed":{"minecraft:skeleton":1,"minecraft:zombie":9,"minecraft:pig":1,"minecraft:spider":2,"minecraft:cow":1},"minecraft:used":{"minecraft:cooked_mutton":3,"minecraft:stone_pickaxe":76,"minecraft:shield":14,"minecraft:wooden_pickaxe":59,"minecraft:rotten_flesh":1,"minecraft:stone_axe":73,"minecraft:torch":5,"minecraft:cobblestone":36,"minecraft:crafting_table":1,"minecraft:oak_sapling":2,"minecraft:cooked_porkchop":2,"minecraft:egg":1,"minecraft:cooked_beef":2,"minecraft:granite":1},"minecraft:crafted":{"minecraft:cooked_beef":2,"minecraft:cooked_porkchop":2,"minecraft:crafting_table":1,"minecraft:stick":8,"minecraft:wooden_pickaxe":1,"minecraft:iron_ingot":9,"minecraft:stone_pickaxe":1,"minecraft:iron_sword":1,"minecraft:torch":4,"minecraft:stone_axe":1,"minecraft:air":0,"minecraft:jungle_planks":56},"minecraft:custom":{"minecraft:time_since_rest":18213,"minecraft:interact_with_furnace":15,"minecraft:sprint_one_cm":82457,"minecraft:damage_taken":515,"minecraft:walk_one_cm":45635,"minecraft:damage_blocked_by_shield":205,"minecraft:mob_kills":14,"minecraft:drop":37,"minecraft:damage_dealt":2210,"minecraft:swim_one_cm":1262,"minecraft:interact_with_crafting_table":9,"minecraft:fly_one_cm":103786,"minecraft:crouch_one_cm":5183,"minecraft:play_time":29406,"minecraft:sneak_time":2199,"minecraft:walk_under_water_one_cm":96,"minecraft:jump":570,"minecraft:walk_on_water_one_cm":4362,"minecraft:time_since_death":29406,"minecraft:sleep_in_bed":1,"minecraft:climb_one_cm":892,"minecraft:total_world_time":29406,"minecraft:fall_one_cm":16794}},"DataVersion":3465}