{"stats":{"minecraft:dropped":{"minecraft:jungle_planks":4},"minecraft:broken":{"minecraft:wooden_pickaxe":1},"minecraft:mined":{"minecraft:iron_ore":1,"minecraft:jungle_leaves":1,"minecraft:crafting_table":1,"minecraft:grass":107,"minecraft:coal_ore":13,"minecraft:jungle_log":14,"minecraft:stone":62,"minecraft:oak_leaves":2},"minecraft:picked_up":{"minecraft:raw_iron":1,"minecraft:crafting_table":1,"minecraft:jungle_log":14,"minecraft:leather":2,"minecraft:porkchop":2,"minecraft:string":3,"minecraft:rotten_flesh":1,"minecraft:wheat_seeds":11,"minecraft:beef":2,"minecraft:oak_sapling":2,"minecraft:coal":13,"minecraft:cobblestone":62,"minecraft:egg":1},"minecraft:killed":{"minecraft:zombie":1,"minecraft:pig":1,"minecraft:spider":2,"minecraft:cow":1},"minecraft:used":{"minecraft:stone_pickaxe":17,"minecraft:wooden_pickaxe":59,"minecraft:rotten_flesh":1,"minecraft:stone_axe":27,"minecraft:cobblestone":1,"minecraft:crafting_table":1,"minecraft:oak_sapling":2,"minecraft:cooked_porkchop":2,"minecraft:egg":1},"minecraft:crafted":{"minecraft:cooked_beef":2,"minecraft:cooked_porkchop":2,"minecraft:crafting_table":1,"minecraft:stick":8,"minecraft:wooden_pickaxe":1,"minecraft:iron_ingot":1,"minecraft:stone_pickaxe":1,"minecraft:torch":4,"minecraft:stone_axe":1,"minecraft:air":0,"minecraft:jungle_planks":56},"minecraft:custom":{"minecraft:time_since_rest":6213,"minecraft:interact_with_furnace":10,"minecraft:sprint_one_cm":52011,"minecraft:damage_taken":165,"minecraft:walk_one_cm":19479,"minecraft:mob_kills":5,"minecraft:drop":4,"minecraft:damage_dealt":731,"minecraft:swim_one_cm":1262,"minecraft:interact_with_crafting_table":3,"minecraft:fly_one_cm":88024,"minecraft:crouch_one_cm":644,"minecraft:play_time":17406,"minecraft:sneak_time":420,"minecraft:walk_under_water_one_cm":96,"minecraft:jump":426,"minecraft:walk_on_water_one_cm":4362,"minecraft:time_since_death":17406,"minecraft:sleep_in_bed":1,"minecraft:climb_one_cm":892,"minecraft:total_world_time":17406,"minecraft:fall_one_cm":13843}},"DataVersion":3465}