{"stats":{"minecraft:dropped":{"minecraft:cobblestone":32,"minecraft:jungle_planks":25},"minecraft:broken":{"minecraft:stone_axe":1,"minecraft:wooden_pickaxe":1},"minecraft:mined":{"minecraft:white_bed":1,"minecraft:mossy_cobblestone":1,"minecraft:jungle_leaves":1,"minecraft:crafting_table":2,"minecraft:torch":1,"minecraft:jungle_log":14,"minecraft:cobblestone":11,"minecraft:wall_torch":3,"minecraft:furnace":1,"minecraft:iron_ore":27,"minecraft:grass":108,"minecraft:coal_ore":22,"minecraft:stone":80,"minecraft:oak_leaves":2},"minecraft:picked_up":{"minecraft:crafting_table":2,"minecraft:jungle_log":14,"minecraft:leather":2,"minecraft:shield":1,"minecraft:string":3,"minecraft:cooked_mutton":5,"minecraft:wheat_seeds":11,"minecraft:beef":2,"minecraft:furnace":1,"minecraft:egg":1,"minecraft:raw_iron":23,"minecraft:torch":4,"minecraft:porkchop":2,"minecraft:white_bed":1,"minecraft:mossy_cobblestone":1,"minecraft:arrow":2,"minecraft:rotten_flesh":10,"minecraft:granite":1,"minecraft:oak_sapling":2,"minecraft:coal":22,"minecraft:cobblestone":91},"minecraft:killed":{"minecraft:pig":1,"minecraft:spider":2,"minecraft:skeleton":2,"minecraft:zombie":10,"minecraft:cow":1},"minecraft:used":{"minecraft:cooked_mutton":3,"minecraft:stone_pickaxe":84,"minecraft:wooden_pickaxe":59,"minecraft:shield":28,"minecraft:iron_sword":11,"minecraft:rotten_flesh":7,"minecraft:torch":6,"minecraft:mossy_cobblestone":1,"minecraft:crafting_table":2,"minecraft:granite":1,"minecraft:stone_axe":73,"minecraft:cobblestone":39,"minecraft:oak_sapling":2,"minecraft:cooked_porkchop":2,"minecraft:egg":1,"minecraft:cooked_beef":2},"minecraft:crafted":{"minecraft:cooked_beef":2,"minecraft:cooked_porkchop":2,"minecraft:crafting_table":1,"minecraft:wooden_pickaxe":1,"minecraft:iron_helmet":1,"minecraft:iron_sword":1,"minecraft:stone_axe":1,"minecraft:air":0,"minecraft:jungle_planks":56,"minecraft:iron_boots":1,"minecraft:iron_chestplate":1,"minecraft:stick":8,"minecraft:iron_ingot":36,"minecraft:stone_pickaxe":1,"minecraft:iron_pickaxe":1,"minecraft:iron_leggings":1,"minecraft:torch":4},"minecraft:custom":{"minecraft:interact_with_furnace":34,"minecraft:mob_kills":17,"minecraft:interact_with_crafting_table":21,"minecraft:time_since_death":41406,"minecraft:sleep_in_bed":1,"minecraft:climb_one_cm":892,"minecraft:time_since_rest":30213,"minecraft:sprint_one_cm":105980,"minecraft:damage_taken":590,"minecraft:walk_one_cm":61201,"minecraft:damage_blocked_by_shield":540,"minecraft:drop":37,"minecraft:damage_dealt":2724,"minecraft:swim_one_cm":3096,"minecraft:fly_one_cm":128056,"minecraft:open_chest":5,"minecraft:crouch_one_cm":6035,"minecraft:play_time":41406,"minecraft:sneak_time":2441,"minecraft:walk_under_water_one_cm":158,"minecraft:jump":735,"minecraft:walk_on_water_one_cm":4647,"minecraft:total_world_time":41406,"minecraft:fall_one_cm":19362}},"DataVersion":3465}