{"stats":{"minecraft:dropped":{"minecraft:jungle_planks":4},"minecraft:mined":{"minecraft:grass":16,"minecraft:jungle_log":3,"minecraft:iron_ore":1,"minecraft:stone":12,"minecraft:oak_leaves":2},"minecraft:picked_up":{"minecraft:raw_iron":1,"minecraft:jungle_log":3,"minecraft:wheat_seeds":2,"minecraft:porkchop":2,"minecraft:oak_sapling":2,"minecraft:cobblestone":12},"minecraft:killed":{"minecraft:pig":1},"minecraft:crafted":{"minecraft:crafting_table":1,"minecraft:stick":4,"minecraft:stone_pickaxe":1,"minecraft:wooden_pickaxe":1,"minecraft:jungle_planks":12},"minecraft:used":{"minecraft:crafting_table":1,"minecraft:oak_sapling":2,"minecraft:stone_pickaxe":1,"minecraft:wooden_pickaxe":12},"minecraft:custom":{"minecraft:time_since_rest":5406,"minecraft:crouch_one_cm":407,"minecraft:play_time":5406,"minecraft:sprint_one_cm":8703,"minecraft:damage_taken":55,"minecraft:walk_one_cm":8271,"minecraft:sneak_time":268,"minecraft:mob_kills":1,"minecraft:drop":4,"minecraft:jump":115,"minecraft:damage_dealt":100,"minecraft:time_since_death":5406,"minecraft:total_world_time":5406,"minecraft:interact_with_crafting_table":2,"minecraft:fall_one_cm":3843,"minecraft:fly_one_cm":19666}},"DataVersion":3465}